{
  "generated_at": "2026-02-27T05:53:46.117831",
  "best_strategy": {
    "params": {
      "name": "Aggressive",
      "lq45_only": false,
      "min_volume": 2.0,
      "min_price": 200,
      "min_volatility": 2.5,
      "max_volatility": 8.0,
      "min_momentum": 1.5,
      "target1": 3.5,
      "target2": 6.0,
      "stoploss": 3.5
    },
    "metrics": {
      "total": 15673,
      "win_rate": 49.33324826134116,
      "avg_return": 0.5276812060935094,
      "avg_win": 4.289851074862967,
      "avg_loss": -3.2449864417746497,
      "expected_value": 0.47219365639685873,
      "sharpe": 2.139268411445004
    }
  },
  "top_10": [
    {
      "rank": 1,
      "params": {
        "name": "Aggressive",
        "lq45_only": false,
        "min_volume": 2.0,
        "min_price": 200,
        "min_volatility": 2.5,
        "max_volatility": 8.0,
        "min_momentum": 1.5,
        "target1": 3.5,
        "target2": 6.0,
        "stoploss": 3.5
      },
      "metrics": {
        "total": 15673,
        "win_rate": 49.33324826134116,
        "avg_return": 0.5276812060935094,
        "avg_win": 4.289851074862967,
        "avg_loss": -3.2449864417746497,
        "expected_value": 0.47219365639685873,
        "sharpe": 2.139268411445004
      }
    },
    {
      "rank": 2,
      "params": {
        "name": "Aggressive",
        "lq45_only": false,
        "min_volume": 2.0,
        "min_price": 200,
        "min_volatility": 2.5,
        "max_volatility": 8.0,
        "min_momentum": 1.0,
        "target1": 3.5,
        "target2": 6.0,
        "stoploss": 3.5
      },
      "metrics": {
        "total": 16330,
        "win_rate": 49.30189834660135,
        "avg_return": 0.522486166705611,
        "avg_win": 4.279549774117996,
        "avg_loss": -3.24030701614017,
        "expected_value": 0.4671251344029095,
        "sharpe": 2.121255968965672
      }
    },
    {
      "rank": 3,
      "params": {
        "name": "Aggressive",
        "lq45_only": true,
        "min_volume": 1.5,
        "min_price": 200,
        "min_volatility": 2.5,
        "max_volatility": 8.0,
        "min_momentum": 1.5,
        "target1": 3.5,
        "target2": 6.0,
        "stoploss": 3.5
      },
      "metrics": {
        "total": 2685,
        "win_rate": 50.428305400372444,
        "avg_return": 0.5152742484398621,
        "avg_win": 3.9944968587443292,
        "avg_loss": -3.1274571792375996,
        "expected_value": 0.4640235535100845,
        "sharpe": 2.1890201182130684
      }
    },
    {
      "rank": 4,
      "params": {
        "name": "Aggressive",
        "lq45_only": false,
        "min_volume": 1.5,
        "min_price": 200,
        "min_volatility": 2.5,
        "max_volatility": 8.0,
        "min_momentum": 1.5,
        "target1": 3.5,
        "target2": 6.0,
        "stoploss": 3.5
      },
      "metrics": {
        "total": 16365,
        "win_rate": 49.23923006416132,
        "avg_return": 0.5163309211975766,
        "avg_win": 4.280469444759522,
        "avg_loss": -3.245142337753756,
        "expected_value": 0.46041096157358874,
        "sharpe": 2.095616092306671
      }
    },
    {
      "rank": 5,
      "params": {
        "name": "Aggressive",
        "lq45_only": true,
        "min_volume": 2.0,
        "min_price": 200,
        "min_volatility": 2.5,
        "max_volatility": 8.0,
        "min_momentum": 1.5,
        "target1": 3.5,
        "target2": 6.0,
        "stoploss": 3.5
      },
      "metrics": {
        "total": 2653,
        "win_rate": 50.3957783641161,
        "avg_return": 0.5118247908599373,
        "avg_win": 3.9948292882840146,
        "avg_loss": -3.1314587958210014,
        "expected_value": 0.4598895526329776,
        "sharpe": 2.1732769876491185
      }
    },
    {
      "rank": 6,
      "params": {
        "name": "Aggressive",
        "lq45_only": true,
        "min_volume": 1.5,
        "min_price": 200,
        "min_volatility": 2.5,
        "max_volatility": 8.0,
        "min_momentum": 1.0,
        "target1": 3.5,
        "target2": 6.0,
        "stoploss": 3.5
      },
      "metrics": {
        "total": 2744,
        "win_rate": 50.29154518950437,
        "avg_return": 0.5082640792090247,
        "avg_win": 3.9979541938654144,
        "avg_loss": -3.1278453370141945,
        "expected_value": 0.4558293541716143,
        "sharpe": 2.1586791859984293
      }
    },
    {
      "rank": 7,
      "params": {
        "name": "Aggressive",
        "lq45_only": false,
        "min_volume": 1.5,
        "min_price": 200,
        "min_volatility": 2.5,
        "max_volatility": 8.0,
        "min_momentum": 1.0,
        "target1": 3.5,
        "target2": 6.0,
        "stoploss": 3.5
      },
      "metrics": {
        "total": 17197,
        "win_rate": 49.18299703436646,
        "avg_return": 0.509893011511767,
        "avg_win": 4.269133297609313,
        "avg_loss": -3.2396847152757093,
        "expected_value": 0.453377025317506,
        "sharpe": 2.073237966988805
      }
    },
    {
      "rank": 8,
      "params": {
        "name": "Aggressive",
        "lq45_only": true,
        "min_volume": 2.0,
        "min_price": 200,
        "min_volatility": 2.5,
        "max_volatility": 8.0,
        "min_momentum": 1.0,
        "target1": 3.5,
        "target2": 6.0,
        "stoploss": 3.5
      },
      "metrics": {
        "total": 2707,
        "win_rate": 50.24011821204285,
        "avg_return": 0.5022299395788503,
        "avg_win": 3.9975844111986616,
        "avg_loss": -3.1314733892398094,
        "expected_value": 0.4501736771053404,
        "sharpe": 2.1318499175956442
      }
    },
    {
      "rank": 9,
      "params": {
        "name": "Aggressive",
        "lq45_only": true,
        "min_volume": 2.0,
        "min_price": 200,
        "min_volatility": 3.0,
        "max_volatility": 10.0,
        "min_momentum": 1.5,
        "target1": 3.5,
        "target2": 6.0,
        "stoploss": 3.5
      },
      "metrics": {
        "total": 2229,
        "win_rate": 50.246747420367875,
        "avg_return": 0.4962876153063457,
        "avg_win": 4.084908168539661,
        "avg_loss": -3.226857724880535,
        "expected_value": 0.44706681555491534,
        "sharpe": 2.06405532168824
      }
    },
    {
      "rank": 10,
      "params": {
        "name": "Aggressive",
        "lq45_only": true,
        "min_volume": 2.0,
        "min_price": 200,
        "min_volatility": 3.0,
        "max_volatility": 10.0,
        "min_momentum": 1.0,
        "target1": 3.5,
        "target2": 6.0,
        "stoploss": 3.5
      },
      "metrics": {
        "total": 2266,
        "win_rate": 50.17652250661959,
        "avg_return": 0.4941291417725911,
        "avg_win": 4.0888427114713295,
        "avg_loss": -3.2231210298504203,
        "expected_value": 0.4457681024897513,
        "sharpe": 2.0544138420114813
      }
    }
  ]
}