{
  "generated_at": "2026-02-27T04:12:05.816015",
  "test_days": 150,
  "total_tested": 96,
  "best_parameters": {
    "strategy_type": "TIGHT",
    "params": {
      "min_volume_ratio": 1.2,
      "min_price": 100,
      "max_price": 50000,
      "min_volatility": 3.0,
      "max_volatility": 6.0,
      "momentum_threshold": 1.0,
      "reversal_threshold": -2.0,
      "min_surge_7d": 4.0,
      "momentum_t1": 2.0,
      "momentum_t2": 3.5,
      "reversal_t1": 1.5,
      "reversal_t2": 2.5,
      "momentum_sl": -2.0,
      "reversal_sl": -2.5
    },
    "metrics": {
      "total_signals": 1517,
      "win_rate": 40.47462096242584,
      "avg_return": -0.026302806600752054,
      "avg_win": 2.6970684039087947,
      "avg_loss": -2.173026315789474,
      "expected_value": -0.20187393748048432,
      "sharpe_ratio": -0.17617062154228627,
      "signals_per_day": 10.181208053691275
    }
  },
  "top_10": [
    {
      "rank": 1,
      "strategy_type": "TIGHT",
      "params": {
        "min_volume_ratio": 1.2,
        "min_price": 100,
        "max_price": 50000,
        "min_volatility": 3.0,
        "max_volatility": 6.0,
        "momentum_threshold": 1.0,
        "reversal_threshold": -2.0,
        "min_surge_7d": 4.0,
        "momentum_t1": 2.0,
        "momentum_t2": 3.5,
        "reversal_t1": 1.5,
        "reversal_t2": 2.5,
        "momentum_sl": -2.0,
        "reversal_sl": -2.5
      },
      "metrics": {
        "total_signals": 1517,
        "win_rate": 40.47462096242584,
        "avg_return": -0.026302806600752054,
        "avg_win": 2.6970684039087947,
        "avg_loss": -2.173026315789474,
        "expected_value": -0.20187393748048432,
        "sharpe_ratio": -0.17617062154228627,
        "signals_per_day": 10.181208053691275
      }
    },
    {
      "rank": 2,
      "strategy_type": "TIGHT",
      "params": {
        "min_volume_ratio": 1.2,
        "min_price": 100,
        "max_price": 50000,
        "min_volatility": 3.0,
        "max_volatility": 6.0,
        "momentum_threshold": 1.0,
        "reversal_threshold": -2.5,
        "min_surge_7d": 4.0,
        "momentum_t1": 2.0,
        "momentum_t2": 3.5,
        "reversal_t1": 1.5,
        "reversal_t2": 2.5,
        "momentum_sl": -2.0,
        "reversal_sl": -2.5
      },
      "metrics": {
        "total_signals": 1517,
        "win_rate": 40.47462096242584,
        "avg_return": -0.026302806600752054,
        "avg_win": 2.6970684039087947,
        "avg_loss": -2.173026315789474,
        "expected_value": -0.20187393748048432,
        "sharpe_ratio": -0.17617062154228627,
        "signals_per_day": 10.181208053691275
      }
    },
    {
      "rank": 3,
      "strategy_type": "TIGHT",
      "params": {
        "min_volume_ratio": 1.2,
        "min_price": 100,
        "max_price": 50000,
        "min_volatility": 3.0,
        "max_volatility": 6.0,
        "momentum_threshold": 1.2,
        "reversal_threshold": -2.0,
        "min_surge_7d": 4.0,
        "momentum_t1": 2.0,
        "momentum_t2": 3.5,
        "reversal_t1": 1.5,
        "reversal_t2": 2.5,
        "momentum_sl": -2.0,
        "reversal_sl": -2.5
      },
      "metrics": {
        "total_signals": 1517,
        "win_rate": 40.47462096242584,
        "avg_return": -0.026302806600752054,
        "avg_win": 2.6970684039087947,
        "avg_loss": -2.173026315789474,
        "expected_value": -0.20187393748048432,
        "sharpe_ratio": -0.17617062154228627,
        "signals_per_day": 10.181208053691275
      }
    },
    {
      "rank": 4,
      "strategy_type": "TIGHT",
      "params": {
        "min_volume_ratio": 1.2,
        "min_price": 100,
        "max_price": 50000,
        "min_volatility": 3.0,
        "max_volatility": 6.0,
        "momentum_threshold": 1.2,
        "reversal_threshold": -2.5,
        "min_surge_7d": 4.0,
        "momentum_t1": 2.0,
        "momentum_t2": 3.5,
        "reversal_t1": 1.5,
        "reversal_t2": 2.5,
        "momentum_sl": -2.0,
        "reversal_sl": -2.5
      },
      "metrics": {
        "total_signals": 1517,
        "win_rate": 40.47462096242584,
        "avg_return": -0.026302806600752054,
        "avg_win": 2.6970684039087947,
        "avg_loss": -2.173026315789474,
        "expected_value": -0.20187393748048432,
        "sharpe_ratio": -0.17617062154228627,
        "signals_per_day": 10.181208053691275
      }
    },
    {
      "rank": 5,
      "strategy_type": "TIGHT",
      "params": {
        "min_volume_ratio": 1.2,
        "min_price": 100,
        "max_price": 50000,
        "min_volatility": 2.5,
        "max_volatility": 6.0,
        "momentum_threshold": 1.0,
        "reversal_threshold": -2.0,
        "min_surge_7d": 4.0,
        "momentum_t1": 2.0,
        "momentum_t2": 3.5,
        "reversal_t1": 1.5,
        "reversal_t2": 2.5,
        "momentum_sl": -2.0,
        "reversal_sl": -2.5
      },
      "metrics": {
        "total_signals": 1572,
        "win_rate": 40.0763358778626,
        "avg_return": -0.03904817751710439,
        "avg_win": 2.708730158730159,
        "avg_loss": -2.1742424242424243,
        "expected_value": -0.2173259310663891,
        "sharpe_ratio": -0.2613158153063669,
        "signals_per_day": 10.550335570469798
      }
    },
    {
      "rank": 6,
      "strategy_type": "TIGHT",
      "params": {
        "min_volume_ratio": 1.2,
        "min_price": 100,
        "max_price": 50000,
        "min_volatility": 2.5,
        "max_volatility": 6.0,
        "momentum_threshold": 1.0,
        "reversal_threshold": -2.5,
        "min_surge_7d": 4.0,
        "momentum_t1": 2.0,
        "momentum_t2": 3.5,
        "reversal_t1": 1.5,
        "reversal_t2": 2.5,
        "momentum_sl": -2.0,
        "reversal_sl": -2.5
      },
      "metrics": {
        "total_signals": 1572,
        "win_rate": 40.0763358778626,
        "avg_return": -0.03904817751710439,
        "avg_win": 2.708730158730159,
        "avg_loss": -2.1742424242424243,
        "expected_value": -0.2173259310663891,
        "sharpe_ratio": -0.2613158153063669,
        "signals_per_day": 10.550335570469798
      }
    },
    {
      "rank": 7,
      "strategy_type": "TIGHT",
      "params": {
        "min_volume_ratio": 1.2,
        "min_price": 100,
        "max_price": 50000,
        "min_volatility": 2.5,
        "max_volatility": 6.0,
        "momentum_threshold": 1.2,
        "reversal_threshold": -2.0,
        "min_surge_7d": 4.0,
        "momentum_t1": 2.0,
        "momentum_t2": 3.5,
        "reversal_t1": 1.5,
        "reversal_t2": 2.5,
        "momentum_sl": -2.0,
        "reversal_sl": -2.5
      },
      "metrics": {
        "total_signals": 1572,
        "win_rate": 40.0763358778626,
        "avg_return": -0.03904817751710439,
        "avg_win": 2.708730158730159,
        "avg_loss": -2.1742424242424243,
        "expected_value": -0.2173259310663891,
        "sharpe_ratio": -0.2613158153063669,
        "signals_per_day": 10.550335570469798
      }
    },
    {
      "rank": 8,
      "strategy_type": "TIGHT",
      "params": {
        "min_volume_ratio": 1.2,
        "min_price": 100,
        "max_price": 50000,
        "min_volatility": 2.5,
        "max_volatility": 6.0,
        "momentum_threshold": 1.2,
        "reversal_threshold": -2.5,
        "min_surge_7d": 4.0,
        "momentum_t1": 2.0,
        "momentum_t2": 3.5,
        "reversal_t1": 1.5,
        "reversal_t2": 2.5,
        "momentum_sl": -2.0,
        "reversal_sl": -2.5
      },
      "metrics": {
        "total_signals": 1572,
        "win_rate": 40.0763358778626,
        "avg_return": -0.03904817751710439,
        "avg_win": 2.708730158730159,
        "avg_loss": -2.1742424242424243,
        "expected_value": -0.2173259310663891,
        "sharpe_ratio": -0.2613158153063669,
        "signals_per_day": 10.550335570469798
      }
    },
    {
      "rank": 9,
      "strategy_type": "TIGHT",
      "params": {
        "min_volume_ratio": 1.2,
        "min_price": 100,